{
  "test_date": "2025-08-05",
  "data_info": {
    "total_samples": 120,
    "normal_samples": 100,
    "apt_samples": 20,
    "training_samples": 80,
    "test_samples": 40
  },
  "baseline_results": {
    "accuracy": 0.825,
    "predictions": [
      0,
      0,
      0,
      0,
      0,
      0,
      0,
      0,
      0,
      0,
      0,
      0,
      0,
      0,
      0,
      0,
      0,
      0,
      0,
      0,
      0,
      1,
      1,
      1,
      0,
      1,
      1,
      1,
      0,
      0,
      1,
      0,
      1,
      0,
      1,
      1,
      1,
      0,
      1,
      1
    ],
    "probabilities": [
      0.48462011589072435,
      0.47622955536858963,
      0.4839378973485224,
      0.47402581977803676,
      0.47436585890244665,
      0.47359160613557383,
      0.46996327475346683,
      0.4826155803992749,
      0.48110380908313877,
      0.4876615485499747,
      0.47901354606159186,
      0.480179817175956,
      0.4712267457386698,
      0.472496913013656,
      0.49077785183366845,
      0.47202444030399726,
      0.48289167672418915,
      0.4853715837096413,
      0.46691695976784525,
      0.47426181133982664,
      0.4935995931450794,
      0.5047839248818389,
      0.5161995936041579,
      0.5174873789144868,
      0.49724142776346314,
      0.5179807571776891,
      0.5040217648809668,
      0.5077300424063731,
      0.49940760333952405,
      0.49158864038326067,
      0.5124402342972619,
      0.4987134533512895,
      0.5142332613395983,
      0.49136922401049055,
      0.5017276076655625,
      0.5129161906512676,
      0.5181327738907182,
      0.49048844490401217,
      0.5081030627033838,
      0.5229419088100878
    ],
    "confusion_matrix": [
      [
        20,
        0
      ],
      [
        7,
        13
      ]
    ]
  },
  "improved_results": {
    "accuracy": 0.5,
    "predictions": [
      1,
      1,
      1,
      1,
      1,
      1,
      1,
      1,
      1,
      1,
      1,
      1,
      1,
      1,
      1,
      1,
      1,
      1,
      1,
      1,
      1,
      1,
      1,
      1,
      1,
      1,
      1,
      1,
      1,
      1,
      1,
      1,
      1,
      1,
      1,
      1,
      1,
      1,
      1,
      1
    ],
    "probabilities": [
      0.6844201498791598,
      0.6824972168332462,
      0.6846369799865191,
      0.6843441291987251,
      0.6832726764482716,
      0.6820147329228494,
      0.6840519705138348,
      0.6827984732704311,
      0.6856870150274924,
      0.6869068624536425,
      0.684243665330986,
      0.6863696839147677,
      0.6814416630401139,
      0.6849882737448003,
      0.6812874000967855,
      0.6860194571415476,
      0.6848998135558167,
      0.6864249280436527,
      0.6808959867815467,
      0.6818174464218381,
      0.6890839857114842,
      0.6974320587441523,
      0.6927758724834614,
      0.6959992617866047,
      0.6953723640617777,
      0.6891387173060824,
      0.696559155150922,
      0.6938050388869696,
      0.6917211097868018,
      0.6936229927026696,
      0.6972721123405947,
      0.692434747392749,
      0.6960813864527369,
      0.6917230897307912,
      0.6944814983952206,
      0.6964016327592661,
      0.6955427174677411,
      0.6917126214439797,
      0.6946892657155823,
      0.6929746433314008
    ],
    "confusion_matrix": [
      [
        0,
        20
      ],
      [
        0,
        20
      ]
    ]
  },
  "improvement": {
    "absolute": -0.32499999999999996,
    "relative_percent": -39.39393939393939
  },
  "test_labels": [
    0,
    0,
    0,
    0,
    0,
    0,
    0,
    0,
    0,
    0,
    0,
    0,
    0,
    0,
    0,
    0,
    0,
    0,
    0,
    0,
    1,
    1,
    1,
    1,
    1,
    1,
    1,
    1,
    1,
    1,
    1,
    1,
    1,
    1,
    1,
    1,
    1,
    1,
    1,
    1
  ]
}